id,gender,masterCategory,productDisplayName,image
15970,Men,Apparel,Turtle Check Men Navy Blue Shirt,15970.jpg
39386,Men,Apparel,Peter England Men Party Blue Jeans,39386.jpg
59263,Women,Accessories,Titan Women Silver Watch,59263.jpg
21379,Men,Apparel,Manchester United Men Solid Black Track Pants,21379.jpg
53759,Men,Apparel,Puma Men Grey T-shirt,53759.jpg
1855,Men,Apparel,Inkfruit Mens Chain Reaction T-shirt,1855.jpg
30805,Men,Apparel,Fabindia Men Striped Green Shirt,30805.jpg
26960,Women,Apparel,Jealous 21 Women Purple Shirt,26960.jpg
29114,Men,Accessories,Puma Men Pack of 3 Socks,29114.jpg
30039,Men,Accessories,Skagen Men Black Watch,30039.jpg
9204,Men,Footwear,Puma Men Future Cat Remix SF Black Casual Shoes,9204.jpg
48123,Women,Accessories,Fossil Women Black Huarache Weave Belt,48123.jpg
18653,Men,Footwear,Fila Men Cush Flex Black Slippers,18653.jpg
47957,Women,Accessories,Murcia Women Blue Handbag,47957.jpg
46885,Boys,Footwear,Ben 10 Boys Navy Blue Slippers,46885.jpg
12369,Men,Apparel,Reid & Taylor Men Check Purple Shirts,12369.jpg
29928,Men,Accessories,Police Men Black Dial Watch PL12889JVSB,29928.jpg
42419,Girls,Apparel,Gini and Jony Girls Knit White Top,42419.jpg
51832,Women,Apparel,Bwitch Beige Full-Coverage Bra BW335,51832.jpg
47359,Women,Accessories,Baggit Women Brown Handbag,47359.jpg
17429,Men,Accessories,CASIO G-Shock Men Black Digital Watch G-7710-1DR G223,17429.jpg
12967,Men,Footwear,ADIDAS Men Spry M Black Sandals,12967.jpg
6842,Unisex,Accessories,Timberland Unisex Rubber Sole Brush Shoe Accessories,6842.jpg
13089,Men,Apparel,ADIDAS Men Lfc Auth Hood Grey Sweatshirts,13089.jpg
18461,Men,Personal Care,David Beckham Signature Men Deos,18461.jpg
9036,Men,Footwear,Buckaroo Men Flores Black Formal Shoes,9036.jpg
48311,Women,Accessories,Pitaraa Women Bronze Beaded Bracelet,48311.jpg
7990,Men,Apparel,Fila Men's Round Neck Navy Blue T-shirt,7990.jpg
56019,Women,Personal Care,Colorbar Soft Touch Show Stopper Copper Lipstick 037,56019.jpg
21977,Women,Accessories,Murcia Women Casual Brown Handbag,21977.jpg
37812,Men,Apparel,John Players Men Navy Blue Shirt,37812.jpg
4729,Boys,Apparel,Disney Kids Boy's Crew Sea Life Sialing Green Teen Kidswear,4729.jpg
56825,Men,Apparel,John Players Men Brown Shirt,56825.jpg
39988,Men,Footwear,Gas Men Europa White Shoes,39988.jpg
59051,Women,Footwear,Carlton London Women Black & Gold Toned Flats,59051.jpg
20099,Women,Apparel,Diva Women Embroided Green Kurta,20099.jpg
58183,Women,Accessories,Rocky S Women White Handbag,58183.jpg
29742,Women,Accessories,Kiara Women Teal Handbag,29742.jpg
51658,Women,Accessories,Fossil Women Copper Chronograph Watch CH2589,51658.jpg
3954,Women,Apparel,Jealous 21 Women's Pink T-shirt,3954.jpg
18839,Men,Accessories,Peter England Men Formal Black Belt,18839.jpg
2886,Women,Footwear,Catwalk Women Leather Brown Flats,2886.jpg
23278,Men,Accessories,Maxima Ssteele Men Off White Watch,23278.jpg
28690,Women,Apparel,W Women Printed Beige Kurta,28690.jpg
8580,Men,Apparel,Scullers Men  Grey Waistcoat,8580.jpg
3168,Men,Footwear,Nike Men's Incinerate MSL White Blue Shoe,3168.jpg
18005,Men,Apparel,Puma Men Long Logo Black Bermuda,18005.jpg
17871,Men,Apparel,Levis Men Boxer Maroon Brief,17871.jpg
9452,Men,Apparel,John Miller Men Stripes White Red Shirts,9452.jpg
38402,Women,Accessories,Baggit Women Hood Dabang Black Belt,38402.jpg
44984,Women,Accessories,Maxima Women White Dial Watch,44984.jpg
10268,Men,Footwear,Clarks Men Hang Work Leather Black Formal Shoes,10268.jpg
45856,Women,Apparel,Vishudh Women Brown Kurta,45856.jpg
32138,Men,Apparel,Playboy Men Blue Titanium Briefs,32138.jpg
59435,Men,Footwear,Arrow Men Black Formal Shoes,59435.jpg
5891,Men,Apparel,Puma Men's Stripe Polo Black T-shirt,5891.jpg
38630,Women,Apparel,Nike Women Purple Polo T-shirt,38630.jpg
4943,Men,Apparel,Gini and Jony Boy's Kaleb White Brown Kidswear,4943.jpg
11188,Men,Accessories,Carrera Men Dial steel finish strap Silver Watches,11188.jpg
10866,Men,Apparel,Wrangler Men Motor Rider Red T-Shirts,10866.jpg
59607,Women,Apparel,FNF Pink & Grey Wedding Collection Sari,59607.jpg
15528,Men,Apparel,Puma Men Scribble Black Tshirts,15528.jpg
45258,Men,Accessories,CASIO EDIFICE Men Black Dial Chronograph Watch ED60,45258.jpg
42841,Women,Accessories,French Connection Women Beige Handbag,42841.jpg
22198,Men,Footwear,Timberland Men Black Casual Shoes,22198.jpg
29570,Men,Footwear,Vans Men Classic Slip-On Purple & Black Shoes,29570.jpg
43993,Women,Personal Care,Police Women Passion Perfume,43993.jpg
6628,Men,Footwear,ADIDAS Men's Lowell White Silver Shoe,6628.jpg
54924,Men,Apparel,Do U Speak Green Men Blue Shorts,54924.jpg
26538,Men,Footwear,ID Men Red Shoes,26538.jpg
35913,Women,Accessories,Peperone Women Black & White Handbag,35913.jpg
49495,Men,Footwear,Vans Men Khaki Shoes,49495.jpg
9660,Men,Apparel,Indigo Nation Men Reversible Bling Pink Shirts,9660.jpg
2288,Women,Apparel,Nike Women Black T-shirt,2288.jpg
23876,Men,Apparel,ADIDAS Men Blue Sweatshirt,23876.jpg
18237,Men,Apparel,Manchester United Men Solid Red Tshirt,18237.jpg
54118,Women,Footwear,Rocia Women Black Flats,54118.jpg
2872,Women,Footwear,Catwalk Women Leather Flats,2872.jpg
49653,Women,Apparel,Mineral Women Green Top,49653.jpg
8574,Women,Footwear,Crocs Dora Boots Pink Sandals,8574.jpg
16957,Men,Accessories,Image Men Sunglasses,16957.jpg
19123,Men,Footwear,Lotto Men XL Water Man Silver Slippers,19123.jpg
13419,Men,Apparel,United Colors of Benetton Men Solid Pink Polo T-shirts,13419.jpg
17885,Men,Apparel,Levis Men Comfort Style Grey Innerwear Vest,17885.jpg
43369,Men,Footwear,Reebok Men Black Possession Flip Flops,43369.jpg
48781,Women,Accessories,Lucera Women Silver Pendant,48781.jpg
44970,Men,Accessories,Maxima Men White Dial Analog Chronograph Watch,44970.jpg
56489,Women,Personal Care,Streetwear Ash Nail Polish # 31,56489.jpg
39524,Unisex,Accessories,Peter England Unisex Orange Sleeve Bag,39524.jpg
33822,Men,Footwear,Puma Men Axis White & Grey Sports Shoes,33822.jpg
58513,Women,Apparel,Tonga Women Maroon Top,58513.jpg
25947,Women,Accessories,Femella Women Brown Scarf,25947.jpg
52029,Unisex,Apparel,Just Natural Unisex Charcoal Rain Jacket,52029.jpg
5865,Men,Apparel,ADIDAS Men's Twelve Faster T-shirt,5865.jpg
39716,Women,Apparel,Arrow Woman Women Blue Dress,39716.jpg
25349,Men,Apparel,Levis Men Red Brief,25349.jpg
11940,Men,Footwear,Ganuchi Men Casual Black Sandals,11940.jpg
55802,Women,Apparel,SDL by Sweet Dreams Women Green Printed Night Suit S11-3124,55802.jpg
29584,Men,Apparel,Indigo Nation Men Printed Black T-shirt,29584.jpg
43967,Women,Personal Care,DKNY Women Red Delicious Perfume,43967.jpg
28456,Women,Apparel,Urban Yoga Women Blue Skirt With Leggings,28456.jpg
34009,Girls,Apparel,Gini and Jony Girls Black Top,34009.jpg
19311,Men,Footwear,Nike Men Air Rift MTR White Casual Shoe,19311.jpg
42089,Men,Footwear,ADIDAS Men White Corona Sports Shoes,42089.jpg
22950,Unisex,Accessories,Fastrack Unisex Black Dial Watch 9915PP13,22950.jpg
49461,Men,Footwear,Vans Men Blue Era Scilla Plaid Shoes,49461.jpg
8746,Unisex,Footwear,Crocs Kids Navy Blue Clogs,8746.jpg
9694,Men,Apparel,Classic Polo Men Vulcan White Polo Tshirts,9694.jpg
23882,Men,Footwear,Fila Men Destiny Grey Sports Shoes,23882.jpg
34835,Men,Footwear,ADIDAS Men Blue Chill Sports Shoes,34835.jpg
15984,Men,Apparel,Turtle Check Men Yellow Shirt,15984.jpg
41268,Men,Accessories,Arrow Men Black Wallet,41268.jpg
11518,Women,Footwear,Catwalk Women Gun Metal Grey Heels,11518.jpg
14856,Women,Accessories,United Colors of Benetton Women Solid Beige Wallets,14856.jpg
33648,Men,Footwear,Lotto Men Ridge Brown Sandals,33648.jpg
59297,Men,Apparel,U.S. Polo Assn. Men White & Navy Blue Shirt,59297.jpg
28032,Men,Apparel,Jockey ELANCE Men Bikini White Brief 1005,28032.jpg
27846,Women,Apparel,Scullers For Her Charcoal Blazer,27846.jpg
26994,Women,Apparel,Jealous 21 Women Black Jeans,26994.jpg
49839,Women,Footwear,iPanema Women Red Flip Flops,49839.jpg
31923,Women,Accessories,Fabindia Women Blue Silk Sling Bag,31923.jpg
2618,Women,Footwear,Carlton London Women Silver Wedge Sandal,2618.jpg
54588,Women,Apparel,Sushilas Women Printed Green Kurta,54588.jpg
49005,Women,Accessories,Lucera Women Silver Ring,49005.jpg
8322,Boys,Apparel,Doodle Boy's Route 66 Biker Blue Teen Kidswear,8322.jpg
13841,Unisex,Accessories,ADIDAS Unisex Three Small Dials White Watches,13841.jpg
28200,Men,Accessories,Ray-Ban Men Active Lifestyle Copper Sunglasses,28200.jpg
12993,Unisex,Footwear,ADIDAS Kids Adispeed Black Sports Shoes,12993.jpg
7158,Men,Apparel,Scullers Men  Green Check Shirt,7158.jpg
18495,Men,Footwear,Puma Men Fashion Cat White Slipper,18495.jpg
8110,Men,Accessories,Fastrack Men Economy 2 Analg Black Watch,8110.jpg
19547,Men,Apparel,United Colors of Benetton Men Solid Blue Sweatshirt,19547.jpg
7964,Men,Apparel,Puma Men's Large Logo Graphic Black T-shirt,7964.jpg
36934,Women,Personal Care,Giorgio Armani Women Idole Perfume,36934.jpg
39140,Women,Apparel,Aneri Women Black & Maroon Salwar Suit,39140.jpg
20851,Women,Accessories,Spice Art Women Ribbon Embroidery Red Clutch,20851.jpg
41866,Men,Footwear,Estd. 1977 Men Beige & Green Sandals,41866.jpg
58177,Women,Accessories,Rocky S Women Brown Handbag,58177.jpg
44528,Men,Footwear,Coolers Men Black Sandals,44528.jpg
16392,Men,Apparel,Levis Men Check Red Shirts,16392.jpg
51455,Women,Apparel,Tonga Women Pink Printed Shrug,51455.jpg
50587,Men,Apparel,Chromozome Men Grey Briefs,50587.jpg
17240,Men,Apparel,U.S. Polo Assn. Men Stripes Black  Polo Tshirt,17240.jpg
47530,Women,Footwear,Portia Women Copper-Toned & Brown Sandals,47530.jpg
6617,Men,Apparel,Spykar Men Black and white Check Shirt,6617.jpg
12732,Unisex,Accessories,Nike Unisex Swoosh Black Backpack,12732.jpg
3365,Men,Apparel,Myntra Men's Brain Black T-shirt,3365.jpg
42042,Men,Footwear,Nike Men Air Relentless 2 MSL White Sports Shoes,42042.jpg
23849,Men,Footwear,ADIDAS Men Black Anzo Breeze Casual Shoes,23849.jpg
43190,Women,Accessories,Fastrack Women White Dial Watch,43190.jpg
48578,Men,Accessories,Revv Men Steel Bracelet,48578.jpg
30462,Women,Apparel,Lovable Women All Day Long Black Bra,30462.jpg
18208,Men,Accessories,Manchester United Men Solid White Cap,18208.jpg
54127,Women,Footwear,Rocia Women Black Heels,54127.jpg
10065,Men,Apparel,Puma Men ducati logo tee Yellow Tshirts,10065.jpg
24250,Men,Footwear,Numero Uno Men White Casual Shoes,24250.jpg
32335,Men,Accessories,Q&Q Men Silver-Toned Dial Analogue Watch Q252J404Y,32335.jpg
25382,Men,Apparel,Levis Men White Innerwear Vest,25382.jpg
56670,Men,Accessories,Maxima Men Black Dial Watch,56670.jpg
5092,Men,Apparel,Wrangler Men's Minstrel Shoulder Loop Purple T-shirt,5092.jpg
10859,Men,Apparel,Wrangler Men Furious Rides Navy Blue T-Shirts,10859.jpg
59638,Women,Apparel,FNF Green Wedding Collection Sari,59638.jpg
15517,Men,Footwear,Rockport Men LLandro Red Casual Shoes,15517.jpg
4140,Women,Footwear,Skechers Women Green Shoe,4140.jpg
36795,Men,Accessories,Maxima Men Ssteele Silver Dial Watch,36795.jpg
40527,Men,Accessories,Titan Men Gold Dial Watch,40527.jpg
10257,Men,Apparel,John Miller Men Solid Type Black Trousers,10257.jpg
24062,Men,Apparel,Locomotive Men Navy Blue Printed T-shirt,24062.jpg
45869,Men,Accessories,Maxima Men Brown Dial Watch,45869.jpg
11385,Women,Apparel,United Colors Of Benetton Women Light Winter Black Sweatshirts,11385.jpg
53130,Women,Footwear,Catwalk Women Brown Sandals,53130.jpg
44187,Women,Personal Care,Nike Fragrances Women 5th Element Perfume 150 ml,44187.jpg
21510,Women,Accessories,Kiara Women Graphiti White Handbag,21510.jpg
51667,Men,Accessories,Louis Philippe Men Grey Sunglasses,51667.jpg
22395,Men,Apparel,Mark Taylor Men Striped Blue Shirt,22395.jpg
35322,Women,Accessories,Fabindia Women Anusuya Silver Earrings,35322.jpg
6425,Unisex,Footwear,Lotto Unisex Canvas Black Check Shoe,6425.jpg
18806,Men,Accessories,Peter England Men Casual Tan Belt,18806.jpg
23247,Men,Footwear,Arrow Men Formal Black Shoe,23247.jpg
17072,Women,Accessories,Lino Perros Women Weaved  Grey Belt,17072.jpg
31782,Women,Apparel,Lee Women Paula Blue Top,31782.jpg
42270,Unisex,Footwear,Vans Unisex Black & Grey Classic Shoes,42270.jpg
12500,Men,Apparel,United Colors of Benetton Men Short Black Shirts,12500.jpg
26735,Men,Personal Care,Reebok Men Pack of 2 Pirates of the Caribbean Deos,26735.jpg
30650,Men,Apparel,Nike Men Printed Black T-shirt,30650.jpg
56026,Women,Personal Care,Colorbar Soft Touch Mousse Lipstick 025,56026.jpg
21948,Women,Accessories,Murcia Women Casual Brown Handbag,21948.jpg
32563,Women,Apparel,ONLY Women directoire blue Trousers,32563.jpg
58980,Women,Personal Care,Colour me Women Flowers Deo,58980.jpg
40143,Girls,Apparel,Gini and Jony Girls Pretty Blossom Blue Top,40143.jpg
10633,Men,Footwear,Carlton London Men Formal Brown Formal Shoes,10633.jpg
24406,Women,Apparel,Vishudh Women Red Printed Kurta,24406.jpg
4716,Unisex,Accessories,ADIDAS Unisex Response ST Analogue Black Watch,4716.jpg
21174,Women,Apparel,s.Oliver Women Stripes Beige Top,21174.jpg
15341,Women,Apparel,Nike Women Solid Pink Shorts,15341.jpg
52486,Women,Apparel,Red Rose Maroon Camisole,52486.jpg
53554,Men,Apparel,Probase Multicoloured Printed Boxers,53554.jpg
14293,Men,Apparel,Classic Polo Men Stripes Blue Tshirts,14293.jpg
47366,Women,Accessories,Baggit Women Blue Bag,47366.jpg
6041,Men,Apparel,UCB Men's Polo Neck With Lion Logo Navy Blue T-shirt,6041.jpg
23623,Girls,Apparel,Doodle Kids Girls Pink I love Shopping Top,23623.jpg
17416,Men,Footwear,Lotto Men Atlantica Black Sports Shoe,17416.jpg
9835,Women,Apparel,Little Miss Women Printed Grey T-shirt,9835.jpg
29319,Unisex,Accessories,ADIDAS Unisex Chicago Bulls Red Backpack,29319.jpg
7193,Women,Apparel,Jealous 21 Women Black Jegging,7193.jpg
12958,Men,Footwear,ADIDAS Men Sports Black Sports Shoes,12958.jpg
27283,Women,Apparel,Mother Earth Women Magenta Kurta,27283.jpg
30234,Men,Footwear,Numero Uno Men Black Flip Flops,30234.jpg
9009,Women,Accessories,Murcia Women Snake Print Bag Brown Handbags,9009.jpg
3533,Men,Apparel,Myntra Men's If You Don't Like Navy Blue T-shirt,3533.jpg
42614,Women,Accessories,Estelle Women Earrings & Pendant Set,42614.jpg
12164,Women,Apparel,Aurelia Women Voile Orange Dupatta,12164.jpg
26351,Women,Accessories,DKNY Women White Dial Watch NY8472,26351.jpg
17624,Men,Apparel,ADIDAS Men Solid Navy Blue Track Pant,17624.jpg
47154,Girls,Apparel,Gini and Jony Girls Black Capris,47154.jpg
35574,Men,Footwear,Gliders Men Esquire Red Flip Flops,35574.jpg
46086,Women,Footwear,ADIDAS Women Lavender Hagkok Sports Shoes,46086.jpg
51031,Women,Apparel,Enamor White Bra,51031.jpg
13284,Men,Apparel,Gini and Jony Kids Boys Solid Black Shorts,13284.jpg
54543,Men,Footwear,F Sports Men White Outlander Sports Shoes,54543.jpg
55491,Women,Personal Care,Revlon Gold Dust Poussiere Doree Colorburst Lip Gloss 024,55491.jpg
26163,Men,Apparel,John Miller Men Dark Grey Trousers,26163.jpg
3701,Women,Apparel,Tantra Women Flower Heart Black Long T-shirt,3701.jpg
29917,Men,Accessories,Police Men White Dial Watch PL12698JS,29917.jpg
42426,Women,Apparel,Aurelia Women Sea Green Kurta,42426.jpg
32751,Men,Footwear,FILA Men Liga II Black Shoes,32751.jpg
56214,Women,Accessories,Estelle Women Gold Earrings,56214.jpg
10401,Women,Apparel,Jealous 21 Women Uaine Purple Tops,10401.jpg
40371,Women,Apparel,Tokyo Talkies Women Navy Slim Fit Jeans,40371.jpg
21346,Men,Accessories,Pal Zileri Men Casual Gold Frame Sunglasses,21346.jpg
45603,Men,Footwear,Arrow Men Black Formal Shoes,45603.jpg
4524,Men,Footwear,Puma Men's YugoRun Black White Shoe,4524.jpg
37223,Women,Apparel,United Colors of Benetton Women Blue Top,37223.jpg
53766,Men,Apparel,Puma Men White and Navy Blue T-shirt,53766.jpg
25520,Girls,Apparel,Doodle Kids Girls City Chic White Top,25520.jpg
32597,Women,Apparel,ONLY Women Black Top,32597.jpg
58974,Men,Personal Care,Colour me Men Gold Deo,58974.jpg
33445,Women,Accessories,Baggit Women Lamboo Mayur Black Wallet,33445.jpg
57100,Women,Apparel,Elle Women Dark Pink Top,57100.jpg
36137,Women,Footwear,Nike Women Free Run Pink Sports Shoes,36137.jpg
41859,Men,Footwear,Estd. 1977 Men Black Sandals,41859.jpg
21180,Men,Footwear,ADIDAS Men Adi Cells Black Flip Flops,21180.jpg
39943,Men,Footwear,GAS Men Brown Count Casual Shoes,39943.jpg
52472,Women,Apparel,Red Rose Women White & Pink Polka Dot Print Bath Robe,52472.jpg
58148,Unisex,Accessories,Puma Unisex White Cap,58148.jpg
20052,Women,Accessories,United Colors Of Benetton Women Yellow Muffler,20052.jpg
5630,Women,Footwear,ADIDAS Women's Adi Groove Blue Flip Flop,5630.jpg
44517,Men,Footwear,Coolers Men Brown Pokar Flip Flops,44517.jpg
47392,Women,Accessories,Baggit Women Beige Bag,47392.jpg
50325,Women,Apparel,Aurelia Women Navy Blue Kurta,50325.jpg
8913,Men,Footwear,Puma Men Cabana Racer Sketch White Sports Shoes,8913.jpg
16530,Men,Apparel,Locomotive Men Check Red Shirt,16530.jpg
22705,Men,Footwear,Nike Men White Capri II Casual Shoe,22705.jpg
7167,Men,Apparel,Scullers Men Scul Purple White Shirt,7167.jpg
46240,Women,Apparel,Fusion Beats Women White Printed Tunic,46240.jpg
27277,Women,Apparel,Mother Earth Women Blue Kurta,27277.jpg
13042,Women,Footwear,Inc 5 Women Brown Heels,13042.jpg
6889,Women,Apparel,Forever New Women Stone Cream Jacket,6889.jpg
31312,Women,Apparel,W Women Peach Kurta,31312.jpg
12190,Men,Apparel,Basics Men Blue Slim Fit Checked Shirt,12190.jpg
55657,Women,Footwear,Catwalk Women Golden Wedges,55657.jpg
19578,Women,Apparel,United Colors of Benetton Women Solid Purple Top,19578.jpg
27879,Women,Apparel,Scullers For Her Women Blue Top,27879.jpg
34452,Women,Footwear,Rocia Women Copper Sandals,34452.jpg
6287,Men,Apparel,Classic Polo Men's Swiss Yellow T-shirt,6287.jpg
7355,Men,Apparel,Tantra Men's Black Sabbath Navy T-shirt,7355.jpg
46072,Men,Accessories,Lino Perros Men Black Leather Belt,46072.jpg
22537,Men,Footwear,Gas Men Eldorado Tan Casual  Sandals,22537.jpg
28831,Women,Apparel,Enamor Women Pack of 3 Mid-Rise Bikini Brief,28831.jpg
43500,Men,Apparel,French Connection Men White T-shirt,43500.jpg
2627,Women,Footwear,Carlton London Women Wedge Silver Sandal,2627.jpg
27045,Women,Accessories,Yelloe Off White Fur Zip Clutch,27045.jpg
13270,Women,Apparel,Palm Tree Kids Girls Printed White Tops,13270.jpg
18698,Men,Apparel,Hanes Men Grey Ultimate Duo Dry Cotton Stretch Bikini Briefs,18698.jpg
55465,Women,Personal Care,Revlon Super Lusterous Lipstick 304,55465.jpg
26197,Men,Personal Care,Formula 1 Go Men Perfume,26197.jpg
31120,Girls,Apparel,Palm Tree Girls Pink Top,31120.jpg
25712,Unisex,Accessories,ADIDAS Unisex Blue Cap,25712.jpg
11527,Men,Apparel,United Colors of Benetton Men Olive Tshirts,11527.jpg
14869,Men,Accessories,United Colors of Benetton Men Solid Black Wallets,14869.jpg
40385,Women,Apparel,Tokyo Talkies Women Yellow Top,40385.jpg
15187,Men,Apparel,Arrow Sport Men Solid White Polo Tshirts,15187.jpg
5402,Women,Footwear,Kalenji Ekiden 200 Wn Purple 2011,5402.jpg
44725,Women,Footwear,Lotto Women Coral Elegant Flip Flops,44725.jpg
14055,Men,Apparel,Flying Machine Men Check Green Shirts,14055.jpg
20260,Men,Apparel,Wrangler Men Applique Navy Blue Tshirt,20260.jpg
7731,Men,Footwear,Puma Men's Winglet II Grey Yellow White Flip Flop,7731.jpg
22153,Men,Footwear,Lee Cooper Men Brown Casual Sandals,22153.jpg
43958,Men,Footwear,Puma Men Olive Techno Ind Sandal,43958.jpg
28469,Women,Apparel,Urban Yoga Women Printed Pink T-shirt,28469.jpg
50573,Men,Apparel,Chromozome Men Charcoal Trunk Trunks,50573.jpg
34036,Boys,Apparel,Palm Tree Boys Check Blue Shirt,34036.jpg
55001,Women,Personal Care,Lakme Absolute Lip Last Day Kiss Lip Colour,55001.jpg
8779,Men,Apparel,Indigo Nation Men Club Satin Hot Stepper Navy Blue Shirt,8779.jpg
3391,Women,Accessories,Murcia Women White With Stitch Bag,3391.jpg
43164,Men,Accessories,Fastrack Men Black Watch,43164.jpg
2243,Men,Apparel,ADIDAS Men Stripe Polo White Polo T-shirt,2243.jpg
30496,Women,Apparel,Lovable Women Fiona Purple Bra,30496.jpg
27421,Women,Apparel,Jockey Women Blue Lounge Pants,27421.jpg
57756,Women,Personal Care,Lotus Herbals Neem & Clove Purifying Face Wash,57756.jpg
33213,Women,Apparel,Sepia Women Printed Magenta Top,33213.jpg
39729,Women,Apparel,Arrow Woman Olive Top,39729.jpg
25376,Men,Apparel,Levis Men Grey Innerwear T-Shirt,25376.jpg
11143,Men,Apparel,Scullers Men Price Catch Black Shirts,11143.jpg
56684,Women,Apparel,Fabindia Beige & Maroon Mull Printed Saree,56684.jpg
4988,Women,Apparel,Gini and Jony Girl's Vanya White Polka Dot Kidswear,4988.jpg
44341,Men,Apparel,Indian Terrain Men Blue T-shirt,44341.jpg
14431,Women,Footwear,Enroute Women Casual Black Flats,14431.jpg
20604,Women,Accessories,Baggit Women Umbrella Dum Brown Handbag,20604.jpg
52224,Women,Accessories,Lencia Grey Swarovski Pearl Necklace,52224.jpg
45293,Women,Accessories,CASIO SHEEN Women Red Dial Watch SX017,45293.jpg
36761,Men,Accessories,Maxima Men Black Watch,36761.jpg
33021,Women,Apparel,Mother Earth Women Printed Cream Kurta,33021.jpg
25144,Women,Accessories,Lino Perros Women Leatherite Orange Handbag,25144.jpg
11371,Men,Apparel,United Colors Of Benetton Men Summer Black Shirts,11371.jpg
41401,Women,Apparel,Wrangler Women White Smocked Top,41401.jpg
14603,Men,Accessories,United Colors of Benetton Men Pack of 2 Grey Socks,14603.jpg
37481,Women,Accessories,Esprit Women White Dial Watch,37481.jpg
5254,Unisex,Accessories,Wildcraft Unisex Red Duffle Bag,5254.jpg
44173,Women,Personal Care,Nike Fragrances Women Trendy Perfume 75ml,44173.jpg
25978,Women,Personal Care,J.Del Pozo Halloween Kiss Sexy Women Perfume,25978.jpg
4386,Men,Apparel,Wrangler Cowboy Photo T-shirt,4386.jpg
51693,Unisex,Accessories,Van Heusen Unisex Brown Sunglasses,51693.jpg
16154,Men,Footwear,Enroute Men Leather Black Formal Shoes,16154.jpg
22361,Men,Footwear,Reebok Men Navy Twist Sandals,22361.jpg
29789,Men,Apparel,Basics Men Pack of 3 T-shirt,29789.jpg
19920,Unisex,Accessories,Wildcraft Unisex Black Outdoor Backpack,19920.jpg
7503,Men,Apparel,Nike Men's As Icon Blue T-shirt,7503.jpg
46624,Men,Personal Care,Rasasi Men Emotion Deo and Perfume Set,46624.jpg
34204,Men,Apparel,Proline Men Navy Track Pants,34204.jpg
17086,Women,Accessories,Lino Perros Women Blue Zip Orange Wallet,17086.jpg
50741,Men,Footwear,Red Chief Men Black Shoes,50741.jpg
55233,Women,Personal Care,Lakme Nine to Five Flawless Makeup Shell Foundation,55233.jpg
13426,Men,Apparel,United Colors of Benetton Men Stripes Red  Polo T-shirts,13426.jpg
43356,Women,Footwear,Reebok Women Charcoal Grey Fuel Techno Sports Shoes,43356.jpg
28207,Men,Accessories,Ray-Ban Men Active Lifestyle Black Sunglasses,28207.jpg
13846,Men,Apparel,John Miller Men Stripes Blue Shirts,13846.jpg
12994,Boys,Footwear,ADIDAS Kids Boys Duramo Synthetic Black Sports Shoes,12994.jpg
46278,Women,Apparel,109F Women Red & White Striped Tunic,46278.jpg
16508,Men,Apparel,Locomotive Men Washed Blue Jeans,16508.jpg
18492,Men,Footwear,Puma Men Danny Blue Slipper,18492.jpg
19540,Men,Apparel,United Colors of Benetton Men Solid Blue Sweater,19540.jpg
7963,Men,Apparel,Puma Men's Large Logo Graphic White French T-shirt,7963.jpg
8117,Men,Accessories,Fastrack Men New Analog Black Navy Watch,8117.jpg
49230,Men,Accessories,Calzini Men Pack of 5 Sports Socks,49230.jpg
39147,Women,Apparel,Aneri Women Purple Salwar Suit,39147.jpg
36933,Women,Personal Care,Bulgari Women Omnia Perfume,36933.jpg
57138,Women,Apparel,Elle Women Brown Trousers,57138.jpg
20856,Men,Footwear,United Colors of Benetton Men Casual Black Shoes,20856.jpg
41861,Men,Footwear,Estd. 1977 Men Black Sandals,41861.jpg
5608,Men,Footwear,ADIDAS Men Kendall Black Navy Floater,5608.jpg
58170,Women,Accessories,Rocky S Women Red Clutch,58170.jpg
53598,Men,Free Items,Q&Q Men Black Digital Watch,53598.jpg
15983,Men,Apparel,Turtle Solid Men  Burgundy Shirt,15983.jpg
39375,Women,Accessories,Helix Women Silver Dial Watch,39375.jpg
14851,Women,Accessories,United Colors of Benetton Women Solid Coffee Brown Wallets,14851.jpg
59290,Men,Accessories,Titan Men Black Dial Watch,59290.jpg
52678,Men,Accessories,Morellato Men Black Watch,52678.jpg
20258,Men,Apparel,Wrangler Men Polo Charcoal T-shirt,20258.jpg
47198,Men,Footwear,Franco Leone Men Brown Sandals,47198.jpg
27841,Men,Accessories,Bulchee Men Plain Jeans White Belt,27841.jpg
28035,Men,Apparel,Jockey ELANCE Men Grey Melange Y Front Briefs 1006,28035.jpg
31924,Women,Accessories,Fabindia Women Black Silk Handbag,31924.jpg
26993,Women,Apparel,Jealous 21 Women Washed Blue Jeans,26993.jpg
13248,Men,Apparel,Palm Tree Kids Boy Solid Brown Trousers,13248.jpg
43538,Women,Apparel,French Connection Women Blue Top,43538.jpg
8325,Boys,Apparel,Doodle Boy's Athletic 77 Dept Yellow Teen Kidswear,8325.jpg
31118,Girls,Apparel,Gini and Jony Girls Red Top,31118.jpg
19772,Men,Footwear,ADIDAS Men Vigor Blue Casual Shoes,19772.jpg
46876,Men,Accessories,Lino Perros Men Pack of 2 Socks,46876.jpg
5862,Men,Apparel,ADIDAS Men's Stripe Black T-shirt,5862.jpg
39711,Men,Accessories,ADIDAS Original Men Black Dial Chronograph Watch ADH2641,39711.jpg
14409,Women,Footwear,Enroute Women Casual White Heels,14409.jpg
58726,Men,Apparel,Puma Men Grey T-shirt,58726.jpg
44379,Men,Personal Care,ADIDAS Men Intense Touch  Perfume,44379.jpg
11947,Men,Footwear,Ganuchi Men Casual Olive Sandals,11947.jpg
36759,Men,Accessories,Maxima Men White Dial Watch,36759.jpg
51499,Women,Apparel,Denizen Women Blue Jeans,51499.jpg
29583,Women,Footwear,Puma Women Grace Silver Sandals,29583.jpg
55805,Women,Apparel,SDL by Sweet Dreams Women Pink & Black Printed Night Suit S11-3134,55805.jpg
7709,Women,Apparel,Jealous 21 Women's Aaren Black Jegging,7709.jpg
28451,Women,Apparel,Urban Yoga Women Black Track Pants,28451.jpg
43960,Men,Apparel,Indigo Nation Men Grey Striped Shirt,43960.jpg
8741,Men,Apparel,Indigo Nation Men Checks Shirt Navy Blue Shirts,8741.jpg
55039,Women,Personal Care,Lakme Absolute Matte Merlot Lipstick 45,55039.jpg
19316,Unisex,Accessories,Nike Unisex Hayward 25M Grey Backpack,19316.jpg
27419,Women,Apparel,Jockey Women Black Lounge Pants,27419.jpg
34832,Men,Footwear,ADIDAS Men Sukoi White Sports Shoes,34832.jpg
23885,Men,Footwear,Fila Men Grey Hex Sports Shoes,23885.jpg
19918,Unisex,Accessories,Wildcraft Unisex Black Backpack,19918.jpg
22359,Men,Apparel,John Players Men Check Blue Shirt,22359.jpg
19124,Women,Footwear,Lotto Women XL Kelly Pink Slippers,19124.jpg
16950,Men,Accessories,Image Men Sunglasses,16950.jpg
49654,Women,Apparel,Mineral Women Grey Skirt,49654.jpg
48786,Women,Accessories,Lucera Women Silver Pendant,48786.jpg
2049,Men,Apparel,ADIDAS Men's Slim Fit White T-shirt,2049.jpg
17882,Men,Apparel,Levis Men Comfort Style White Innerwear Vest,17882.jpg
44977,Men,Accessories,Maxima Men Silver Dial Attivo Watch,44977.jpg
33019,Women,Apparel,Mother Earth Women Printed Yellow Kurta,33019.jpg
41439,Men,Footwear,Lee Cooper Men Black Sports Shoes,41439.jpg
39523,Unisex,Accessories,Peter England Unisex Black One Dayer Black Trolley Bag,39523.jpg
52812,Men,Accessories,JAG Men Black Leather Wallet,52812.jpg
11349,Men,Apparel,Lee Men Blue Chicago Fit Jeans,11349.jpg
24892,Men,Apparel,United Colors of Benetton Men Black T-shirt,24892.jpg
58514,Women,Apparel,Tonga Women Grey Top,58514.jpg
33825,Women,Footwear,Puma Women Kuris Silver & Grey Sports Shoes,33825.jpg
25940,Women,Accessories,Femella Women Yellow & Blue Scarf,25940.jpg
38637,Men,Apparel,Nike Men Red Delhi T-shirt,38637.jpg
5896,Men,Footwear,Puma Men Cavallino Black Shoe,5896.jpg
4944,Men,Apparel,Gini and Jony Boy's Kaleb White Brown Infant Kidswear,4944.jpg
10861,Men,Apparel,Wrangler Men Dirt Riders White T-Shirts,10861.jpg
59600,Women,Apparel,FNF Rust Wedding Collection Sari,59600.jpg
42846,Women,Accessories,French Connection Women Multi Stripe Hand Bag,42846.jpg
35128,Women,Accessories,Allen Solly Woman Purple Bangle,35128.jpg
47508,Men,Apparel,Facit Men Black Brief,47508.jpg
54923,Girls,Apparel,Do u speak Green Girls Olive 3/4 Pant,54923.jpg
43994,Women,Personal Care,Police Women Passion Deo,43994.jpg
17278,Men,Apparel,U.S. Polo Assn. Men Printed  Steeple Grey Tshirt,17278.jpg
31588,Men,Apparel,Mark Taylor Men Printed Maroon T-shirt,31588.jpg
49492,Men,Footwear,Vans Men Maroon & Grey Era Shoes,49492.jpg
18230,Men,Apparel,Manchester United Men Printed White Tshirt,18230.jpg
23871,Men,Apparel,ADIDAS Men Grey Striped T-shirt,23871.jpg
9667,Men,Apparel,Indigo Nation Men Bling Red Black Shirts,9667.jpg
16198,Men,Apparel,Puma Men Poly Knitted Black Tracksuit,16198.jpg
3953,Women,Apparel,Jealous 21 Women's Red Peace T-shirt,3953.jpg
29745,Men,Accessories,Fossil Men Quartz Black Dial Chronograph Watch JR1303,29745.jpg
28697,Women,Apparel,W Women Printed Black Kurta,28697.jpg
12538,Men,Apparel,Puma Men Solid Blue Track Pants,12538.jpg
8587,Men,Apparel,Scullers Men Red Check Shirt,8587.jpg
42248,Women,Apparel,Sepia Women Pink Top,42248.jpg
48772,Women,Accessories,Lucera Women Silver Pendant,48772.jpg
17876,Men,Apparel,Levis Men Comfort Style Grey Innerwear Vest,17876.jpg
30668,Men,Accessories,Park Avenue Men Black Sunglasses,30668.jpg
9455,Men,Apparel,John Miller Men Red Striped Shirt,9455.jpg
18002,Women,Apparel,Puma Women Essential Skinny Black 3/4 Pant,18002.jpg
44983,Women,Accessories,Maxima Women Silver Dial Watch,44983.jpg
38405,Women,Accessories,Baggit Women White Capri Taj Belt,38405.jpg
53934,Women,Accessories,Kiara Women Brown Handbag,53934.jpg
1638,Unisex,Apparel,Nabaiji Swimming Goggles Blue Black,1638.jpg
25188,Women,Accessories,Lino Perros Women Leatherite Brown Handbag,25188.jpg
24866,Men,Accessories,Reid & Taylor Men Formal Black Belt,24866.jpg
53108,Women,Accessories,Fabindia Silver Earrings,53108.jpg
21528,Women,Accessories,Kiara Women Sequins Copper Handbag,21528.jpg
59432,Women,Accessories,Spice Art Women Black Handbag,59432.jpg
32903,Women,Apparel,Allen Solly Women Red Shorts,32903.jpg
6079,Men,Apparel,UCB Men's Johny Collar With Two Tone Grey T-shirt,6079.jpg
12960,Men,Footwear,ADIDAS Men Sports White Sports Shoes,12960.jpg
29321,Men,Apparel,ADIDAS Men Black Jersey,29321.jpg
9031,Men,Footwear,Buckaroo Men loma Tan Casual Shoes,9031.jpg
6845,Unisex,Accessories,Timberland Unisex Hiker Round Lace Shoe Accessories,6845.jpg
18466,Women,Personal Care,Reebok Reebounce Women Perfumes,18466.jpg
26369,Women,Apparel,Arrow Woman Blue Shirt,26369.jpg
33489,Men,Apparel,Doodle Kids Boy Check Green Shirt,33489.jpg
59056,Women,Footwear,Carlton London Women Blue & Cream Shoes,59056.jpg
15379,Men,Footwear,Fila Men Lobato Black Casual Shoes,15379.jpg
45409,Women,Footwear,Rocia Women Black & Brown Sandals,45409.jpg
56822,Men,Apparel,John Players Men Beige Shorts,56822.jpg
58184,Women,Accessories,Rocky S Women Beige Handbag,58184.jpg
40947,Boys,Apparel,Gini and Jony Boys Core Red T-shirt,40947.jpg
39381,Men,Apparel,Peter England Men Party Black Jeans,39381.jpg
15977,Men,Apparel,Turtle Solid Men Red Shirt,15977.jpg
32769,Men,Apparel,Music Men Printed Blue T-shirt,32769.jpg
10439,Men,Apparel,Flying Machine Men Walnut Brown Tshirts,10439.jpg
59264,Women,Accessories,Titan Women White Watch,59264.jpg
14099,Women,Apparel,Flying Machine Women Solid Pink Tops,14099.jpg
1852,Men,Apparel,Inkfruit Men Ride It Or Die T-shirt,1852.jpg
30802,Men,Apparel,Fabindia Men Blue Shirt,30802.jpg
51009,Women,Apparel,Enamor Rose Full Figure Bra FF07,51009.jpg
29113,Women,Accessories,Puma Women Pack of 3 Socks,29113.jpg
7399,Men,Footwear,Red Tape Men's Black Formal Shoe,7399.jpg
26967,Women,Apparel,Jealous 21 Women Check Navy Blue Top,26967.jpg
27089,Women,Apparel,Aneri Women Jazz Brown Kurta,27089.jpg
48124,Women,Accessories,Fossil Women Brown Huarache Weave Belt,48124.jpg
9203,Men,Footwear,Puma Men Axis XT Black Shoes,9203.jpg
51835,Women,Apparel,Bwitch Red Lace  Briefs,51835.jpg
3739,Men,Accessories,ADIDAS Men Delhi Daredevil Blue Cap,3739.jpg
19786,Men,Apparel,U.S. Polo Assn. Men Solid Navy Blue Tshirt,19786.jpg
44948,Men,Footwear,Puma Men Black Aquil II Sports Shoes,44948.jpg
24091,Men,Apparel,Manchester United Men Navy Blue Striped T-shirt,24091.jpg
57563,Women,Personal Care,Lotus Herbals Pure Colours Nutty Brown Lipstick 666,57563.jpg
33026,Women,Apparel,Mother Earth Women Pink Kurta,33026.jpg
41406,Women,Apparel,Wrangler Women Pink T-shirt,41406.jpg
11376,Women,Apparel,United Colors Of Benetton Women Light Winter Grey Tops,11376.jpg
25143,Women,Accessories,Lino Perros Women Silver Clutch,25143.jpg
44174,Women,Personal Care,Nike Fragrances Women Sensual Touch Perfume and Deo Set,44174.jpg
5253,Unisex,Accessories,Wildcraft Unisex Black & Grey Duffel Bag,5253.jpg
20431,Women,Accessories,Baggit Women Tijori Viva Brown Wallet,20431.jpg
14604,Men,Accessories,United Colors of Benetton Men Stripes Green Socks,14604.jpg
4381,Men,Apparel,Superman Men's Silhouette Light Blue T-shirt,4381.jpg
46623,Unisex,Accessories,Nike Unisex Ultimatum Max Backpack,46623.jpg
19927,Men,Footwear,ADIDAS Men Receptor Grey Sandals,19927.jpg
7504,Women,Apparel,Nike Women's Smash Pink T-shirt,7504.jpg
22366,Men,Apparel,Ed Hardy Men New Tiger White T-Shirt,22366.jpg
3998,Men,Footwear,Spalding Men's Black and White Graphic Flip Flop,3998.jpg
51694,Unisex,Accessories,Van Heusen Unisex Sunglasses VH216-C2,51694.jpg
16153,Men,Footwear,Enroute Men Leather Black Formal Shoes,16153.jpg
17081,Women,Accessories,Lino Perros Women Denim Blue Wallet,17081.jpg
50746,Men,Footwear,Red Chief Men Black Formal Shoes,50746.jpg
34203,Men,Apparel,Proline Men Charcoal Grey Track Pants,34203.jpg
55234,Women,Personal Care,Lakme 9to5 Flawless Makeup Marble Foundation,55234.jpg
13421,Men,Apparel,United Colors of Benetton Men Stripes Black Polo T-shirts,13421.jpg
27614,Men,Apparel,Scullers Men Beige Trousers,27614.jpg
22154,Men,Footwear,Lee Cooper Men Black Formal Shoes,22154.jpg
16361,Men,Apparel,Peter England Men Stripes Maroon Shirt,16361.jpg
46411,Men,Apparel,ADIDAS Men Black Sweatshirt,46411.jpg
7736,Men,Accessories,Puma Men Ferrari Lifestyle Red Cap,7736.jpg
34031,Boys,Apparel,Gini and Jony Boys Check Blue Shirt,34031.jpg
50574,Men,Apparel,Chromozome Men Pack of Two Trunks,50574.jpg
22968,Unisex,Accessories,U.S. Polo Assn. Unisex Casual Olive Backpack,22968.jpg
3396,Women,Accessories,Murcia Women Turquoise Blue Handbag,3396.jpg
31543,Men,Apparel,Classic Polo Men Striped Navy Blue T-shirt,31543.jpg
55006,Women,Personal Care,Lakme Sheer Satin Lip Gloss 51,55006.jpg
19329,Men,Footwear,Puma Men Standpunkt Brown Casual Shoes,19329.jpg
13613,Men,Apparel,Hanes Men Sleeveless V Neck Red Innerwear T-shirt,13613.jpg
27426,Women,Apparel,Jockey Women Grey Melange Shorts,27426.jpg
2244,Women,Apparel,ADIDAS Women's Black T-shirt,2244.jpg
43163,Men,Accessories,Fastrack Men White Dial Watch,43163.jpg
33214,Women,Apparel,Sepia Women Printed Black & Green Tunic,33214.jpg
10096,Women,Footwear,Reebok Women Reeflex Run Blue Sports Shoes,10096.jpg
11144,Men,Apparel,Scullers Men Price Catch Black Shirts,11144.jpg
25371,Men,Apparel,Levis Men Maroon Innerwear Vest,25371.jpg
20603,Women,Accessories,Baggit Women Selection Mayur Black Sling Bag,20603.jpg
58719,Women,Apparel,ALayna Women Off White  Kurta,58719.jpg
11978,Men,Footwear,FILA Men Aruba Navy Blue Sandal,11978.jpg
36766,Men,Accessories,Maxima Men Black Watch,36766.jpg
45294,Women,Accessories,CASIO SHEEN Women Black Dial Watch SX041,45294.jpg
52223,Women,Accessories,Lencia White Swarovski Pearl Necklace,52223.jpg
34455,Women,Footwear,Rocia Women Black Shoes,34455.jpg
6280,Men,Apparel,UCB Men's Making Light Pink T-shirt,6280.jpg
46075,Men,Accessories,Lino Perros Men Black Leather Belt,46075.jpg
35587,Men,Footwear,Gliders Men Brown Leather Sandals,35587.jpg
7352,Men,Apparel,Tantra Men's Whatever Purple T-shirt,7352.jpg
27042,Women,Accessories,Yelloe Black Animal Print Clutch,27042.jpg
2620,Men,Apparel,Nike Men's Colors Team India T-shirt,2620.jpg
43507,Men,Apparel,French Connection Men Maroon T-shirt,43507.jpg
28836,Women,Apparel,BIBA Women Printed Multi Coloured Kurta,28836.jpg
31127,Girls,Apparel,Gini and Jony Girls Black Dress,31127.jpg
26190,Men,Personal Care,4711 Kolnisch Wasser Men Perfume,26190.jpg
55462,Women,Personal Care,Revlon Super Lustrous Plum Baby Lipstick 313,55462.jpg
11520,Women,Apparel,United Colors of Benetton Women Denim Black Jeans,11520.jpg
25715,Unisex,Accessories,ADIDAS Unisex Blue Cap,25715.jpg
41250,Men,Accessories,Arrow Men Black & Brown Reversible Belt,41250.jpg
40382,Women,Apparel,Tokyo Talkies Women Pink Top,40382.jpg
38298,Men,Accessories,Reid & Taylor Men Brown Wallet,38298.jpg
57335,Women,Apparel,Amante White Bra BCSO01,57335.jpg
52647,Women,Accessories,Mod'acc Women Black Handbag,52647.jpg
20267,Women,Footwear,Catwalk Women Casual Black Heels,20267.jpg
14052,Men,Apparel,Flying Machine Men Solid White Shirts,14052.jpg
53795,Men,Apparel,Puma Men Black T-shirt,53795.jpg
44722,Women,Footwear,Lotto Women Red & Orange Disco Holic Flip Flops,44722.jpg
5405,Men,Footwear,Kalenji Ekiden Comfort Prime 2011,5405.jpg
39178,Women,Apparel,Aneri Women Blue & Brown Printed Kurta,39178.jpg
32590,Women,Apparel,ONLY Women Brown Shorts,32590.jpg
11712,Men,Apparel,Lee Men Solid Blue Shirts,11712.jpg
25527,Women,Apparel,Wrangler Women Stella Green Shirt,25527.jpg
57107,Women,Apparel,Elle Women Green Essentials Top,57107.jpg
20869,Men,Footwear,Fila Men Camper Brown Sandals,20869.jpg
33442,Women,Accessories,Baggit Women Rade Doko Teal Handbag,33442.jpg
58973,Women,Personal Care,Colour Me Women Pink Perfume,58973.jpg
52475,Women,Apparel,Red Rose White & Red Dot Print Bath Robe,52475.jpg
39944,Men,Footwear,GAS Men Grey Namib Shoes,39944.jpg
21187,Men,Footwear,ADIDAS Men Plugged In Yellow Flip Flops,21187.jpg
36130,Men,Footwear,Nike Men Dunk High Grey Shoes,36130.jpg
44510,Unisex,Footwear,Converse Unisex Black Shoes,44510.jpg
20055,Women,Accessories,United Colors Of Benetton Women Grey Muffler,20055.jpg
50322,Women,Apparel,Aurelia Women Black Kurta,50322.jpg
28238,Men,Personal Care,Park Avenue Men Cruise Deo,28238.jpg
13879,Men,Apparel,Scullers Men Check Red Shirts,13879.jpg
47395,Women,Accessories,Baggit Women Green Handbag,47395.jpg
46247,Women,Apparel,Fusion Beats Women Dark Pink Tunic,46247.jpg
7160,Women,Apparel,Scullers For Her Women Fashion Summer Lite Aubergine Tunics,7160.jpg
22702,Women,Footwear,Nike Women Beige Dunk High Casual Shoes,22702.jpg
8914,Men,Footwear,Puma Men Future Cat Remix SF White Sports Shoes,8914.jpg
16537,Men,Accessories,Probase Men Check Blue Cap,16537.jpg
43735,Women,Accessories,Royal Diadem Set of 2 Golden Bangles,43735.jpg
13045,Women,Footwear,Inc 5 Women Casual Maroon Sandals,13045.jpg
27270,Women,Apparel,Mother Earth Women Printed Maroon Kurta,27270.jpg
12197,Men,Apparel,Basics Men Orange Polo T-shirt,12197.jpg
55650,Women,Footwear,Catwalk Women Multi-coloured Heels,55650.jpg
31315,Women,Apparel,W Women Brown Kurta,31315.jpg
6274,Women,Apparel,UCB Women's Crystal Benetton Green T-shirt,6274.jpg
47153,Girls,Apparel,Gini and Jony Girls Pink Capris,47153.jpg
17623,Men,Apparel,ADIDAS Men Solid Grey Track Pant,17623.jpg
48927,Women,Accessories,Lucera Women Silver Ring,48927.jpg
51036,Women,Apparel,Enamor Women Lavender Nightdress,51036.jpg
26958,Women,Apparel,Jealous 21 Women Teal Shirt,26958.jpg
46081,Men,Footwear,ADIDAS Men Navy Blue Benton Sandals,46081.jpg
35573,Men,Footwear,Gliders Men Esquire Blue Flip Flops,35573.jpg
13283,Men,Apparel,Gini and Jony Kids Boys Check Blue Shirts,13283.jpg
54544,Men,Footwear,F Sports Men Black Pace Sports Shoes,54544.jpg
30001,Women,Accessories,Aspen Women White Dial Watch,30001.jpg
29910,Men,Accessories,Police Men Black Dial Watch PL12170JSB,29910.jpg
3706,Men,Apparel,Classic Polo Men's Grey Red & Brown Stripe T-shirt,3706.jpg
26164,Men,Apparel,John Miller Men Striped Grey Trousers,26164.jpg
55496,Women,Personal Care,Revlon ColorBurst Hot Pink Lip Gloss 10,55496.jpg
56213,Women,Accessories,Estelle Women Gold Earrings,56213.jpg
15948,Men,Accessories,Turtle Men Stripes Burgundy Ties,15948.jpg
40376,Women,Apparel,Tokyo Talkies Women Yellow Top,40376.jpg
24633,Women,Footwear,ADIDAS Women Polka Pink Flip Flops,24633.jpg
10406,Women,Apparel,United Colors of Benetton Women Solid Grey Dresses,10406.jpg
4523,Men,Footwear,Puma Men's Faas Blue White Silver Red Shoe,4523.jpg
45604,Men,Footwear,Arrow Men Brown Formal Shoes,45604.jpg
15174,Men,Apparel,Arrow Men Yellow Polo T-shirt,15174.jpg
21341,Men,Accessories,Pal Zileri Men Casual Steel Frame Sunglasses,21341.jpg
53761,Men,Apparel,Puma Men Green and Blue T-shirt,53761.jpg
37224,Women,Apparel,United Colors of Benetton Women Purple Shirt,37224.jpg
32564,Women,Apparel,ONLY Women Orange Trousers,32564.jpg
56021,Women,Personal Care,Colorbar Soft Touch Venus Lipstick 034,56021.jpg
24401,Women,Apparel,Vishudh Women Brown Printed Kurta,24401.jpg
10634,Men,Footwear,Carlton London Men Black Oxford Wingtip Brogues,10634.jpg
40144,Girls,Apparel,Gini and Jony Girls Pretty Blossom Pink Top,40144.jpg
58987,Women,Personal Care,Cavallini Women Deo,58987.jpg
59069,Women,Apparel,Peri Peri Women White Bra,59069.jpg
15346,Men,Apparel,Nike Men Special Edition 3 Star Beed Black Tshirts,15346.jpg
52481,Women,Apparel,Red Rose Pink & Black Nightdress,52481.jpg
21173,Women,Apparel,s.Oliver Women Grey Shirt,21173.jpg
4711,Unisex,Accessories,ADIDAS Unisex Toronto Hand Black Watch,4711.jpg
40978,Boys,Apparel,Gini and Jony Boys United Red T-shirt,40978.jpg
14294,Men,Apparel,Classic Polo Men Stripes Black Tshirts,14294.jpg
17411,Men,Footwear,Lotto Men Basketball Mid White Sports Shoe,17411.jpg
9832,Women,Apparel,Little Miss Women Printed Rust T-shirt,9832.jpg
23624,Girls,Apparel,Doodle Kids Girls White I love Shopping Top,23624.jpg
6046,Men,Apparel,UCB Men Logo Chest Green Shirt,6046.jpg
34693,Girls,Apparel,Allen Solly Kids Girls Poplin Pink Shorts,34693.jpg
47361,Women,Accessories,Baggit Women Black Voodoo Gang Handbag,47361.jpg
7194,Women,Apparel,Jealous 21 Women's BFF Printed White Top,7194.jpg
51204,Women,Apparel,Enamor Women Peach Bra,51204.jpg
30233,Men,Footwear,Numero Uno Men White Shoes,30233.jpg
48329,Women,Accessories,Pitaraa Women Purple Sling Bag,48329.jpg
18459,Men,Personal Care,David Beckham Intimately Men Deos,18459.jpg
27284,Women,Apparel,Mother Earth Women Dark Brown Kurta,27284.jpg
12163,Women,Apparel,Aurelia Women Solid Purple Leggings,12163.jpg
42613,Women,Accessories,Estelle Women Gold Earring & Pendant Set,42613.jpg
3534,Women,Apparel,Myntra Women's I Want You Black T-shirt,3534.jpg
24065,Men,Apparel,Locomotive Men Checked Green Shirt,24065.jpg
10250,Women,Accessories,Murcia Women Hahk Brown Handbags,10250.jpg
57597,Women,Personal Care,Lotus Herbals Moistpetals Rudy Pink Lipstick 140,57597.jpg
40520,Men,Accessories,Titan Men Cream Dial Watch,40520.jpg
1607,Men,Apparel,Reebok Men trackpant- male Track Pants,1607.jpg
11382,Women,Apparel,United Colors Of Benetton Women Light Winter Grey T-Shirts,11382.jpg
44180,Women,Personal Care,Nike Fragrances Women Spicy Love Perfume 150 ml,44180.jpg
37472,Men,Accessories,Esprit Men Grey Dial Watch,37472.jpg
53137,Women,Footwear,Catwalk Women Brown Sandals,53137.jpg
15722,Men,Footwear,Nike Men Lunarswift+ 3 Shield Grey Sports Shoes,15722.jpg
4375,Men,Apparel,Marvel Comics Men's Comic Poses Navy T-shirt,4375.jpg
35325,Women,Accessories,Fabindia Women Anusuya Silver Earrings,35325.jpg
22392,Women,Apparel,ADIDAS Women Whalf Striper White Top,22392.jpg
51660,Men,Accessories,Fossil Men Black Dial Watch AM4384,51660.jpg
17075,Women,Accessories,Lino Perros Women Weaved  Navy Blue Belt,17075.jpg
23240,Women,Apparel,Aneri Women Ashna Blue Kurta,23240.jpg
6422,Unisex,Footwear,Lotto Unisex Canvas Black Grey Shoe,6422.jpg
18801,Men,Accessories,Peter England Men Casual Brown Belt,18801.jpg
26732,Women,Personal Care,Reebok Women Reestyle Deo,26732.jpg
12507,Men,Footwear,Red Tape Men Casual Black Casual Shoes,12507.jpg
31785,Women,Apparel,Lee Women Katie Navy Blue Top,31785.jpg
3150,Men,Footwear,Nike Men's Lunarswift Black Shoe,3150.jpg
17849,Women,Apparel,Flying Machine Women This & That Grey Tshirt,17849.jpg
29548,Men,Apparel,Classic Polo Men Printed Navy Blue T-shirt,29548.jpg
42879,Women,Accessories,French Connection Women Black Buffy Clutch,42879.jpg
16395,Men,Apparel,Levis Men Check Black Shirts,16395.jpg
51452,Women,Apparel,Tonga Women White & Pink Top,51452.jpg
6610,Men,Apparel,Spykar Men's Stinger Basket Ball Team White Blue Stripes T-shirt,6610.jpg
47537,Women,Footwear,Portia Women Brown Flats,47537.jpg
17247,Men,Apparel,U.S. Polo Assn. Men Stripes Blue Polo Tshirt,17247.jpg
23072,Men,Apparel,Arrow Men Navy Blue Solid Trousers,23072.jpg
42045,Men,Footwear,Nike Men Wardour Chukka Yellow Casual Shoes,42045.jpg
3362,Men,Apparel,Myntra Men's Creative designs Black T-shirt,3362.jpg
12735,Unisex,Accessories,Nike Unisex U Black Caps,12735.jpg
54120,Women,Footwear,Rocia Women Beige Flats,54120.jpg
30465,Women,Apparel,Lovable Women All Day Long Black Bra,30465.jpg
9658,Men,Apparel,Indigo Nation Men Reversible Bling Maroon Shirt,9658.jpg
43197,Women,Accessories,Fastrack Women Grey Dial Watch,43197.jpg
38608,Men,Apparel,Nike Men Grey T-shirt,38608.jpg
24257,Men,Footwear,Numero Uno Men Navy Blue Casual Shoes,24257.jpg
10062,Men,Apparel,Puma Men Puma runhard tee Grey Tshirts,10062.jpg
56677,Men,Accessories,Maxima Men White Dial Watch,56677.jpg
25385,Men,Apparel,Levis Men Navy Blue Briefs,25385.jpg
32332,Men,Accessories,Q&Q Men Steel Digital Watch,32332.jpg
5095,Men,Apparel,Wrangler Men's Greensboro Raw Edge Blue T-shirt,5095.jpg
37640,Women,Accessories,Wills Lifestyle Women Red Clutch,37640.jpg
4147,Women,Footwear,Nike Women Glide White Grey Shoe,4147.jpg
36792,Men,Accessories,Maxima Men Black Dial Attivo Watch,36792.jpg
45260,Men,Accessories,CASIO G-Shock Men Black Digital Watch DW-5600E-1VDF G001,45260.jpg
15510,Men,Footwear,Rockport Men CV Toe HI Charcoal Casual Shoes,15510.jpg
21725,Men,Apparel,ADIDAS Men Navy Blue Sweatshirt,21725.jpg
34038,Boys,Apparel,Gini and Jony Boys Check Red Shirt,34038.jpg
43956,Women,Footwear,Puma Women Purple Techno Sandals,43956.jpg
28467,Women,Apparel,Urban Yoga Women Printed Rust T-shirt,28467.jpg
16368,Men,Apparel,Peter England Men Stripes Charcoal Trouser,16368.jpg
42884,Women,Accessories,French Connection Women Beige Clutch,42884.jpg
55833,Women,Personal Care,Colorbar Glamour Radiant Glow 001,55833.jpg
46418,Men,Accessories,Timex Men Olive Green Dial Watch DV10,46418.jpg
48582,Men,Accessories,Revv Men Steel Bracelet,48582.jpg
30498,Women,Apparel,Lovable Women Fiona Brown Bra,30498.jpg
8777,Men,Apparel,Indigo Nation Men Price catch Blue Shirts,8777.jpg
19320,Unisex,Accessories,Nike Unisex Classic Turf Pink Backpack,19320.jpg
25378,Men,Apparel,Levis Men Beige Innerwear T-shirt,25378.jpg
4986,Men,Apparel,ADIDAS Men Bayern Munchen Red Jersey,4986.jpg
39727,Women,Apparel,Arrow Woman Blue Shirt,39727.jpg
57758,Women,Personal Care,Lotus Herbals Jojobawash Face Wash,57758.jpg
5854,Women,Accessories,ADIDAS Women Pink Handbag,5854.jpg
11971,Men,Footwear,Fila Men Glow White Sports Shoes,11971.jpg
5068,Men,Accessories,Being Human Men Grey Dial Blue Strap Watch,5068.jpg
39515,Unisex,Accessories,Peter England Unisex Brown Laptop Bag,39515.jpg
45893,Men,Accessories,Maxima Ssteele Men Black Dial Watch,45893.jpg
44941,Men,Footwear,Franco Leone Men Formal Shoes,44941.jpg
24098,Men,Footwear,Red Tape Men Black Sandals,24098.jpg
4388,Men,Apparel,DC Comics Lantern Arrow All Over Green T-shirt,4388.jpg
58522,Unisex,Accessories,Wildcraft Unisex Rust Orange Travel Pouch,58522.jpg
28655,Men,Footwear,Nike Men Zoom Structure White Sports Shoes,28655.jpg
2843,Men,Apparel,Mr.Men Men's Mr.Mischief Pink T-shirt,2843.jpg
17088,Women,Accessories,Lino Perros Women Flower LT.Brown Wallet,17088.jpg
3991,Men,Apparel,Mr.Men Men's Wave Rider White T-shirt,3991.jpg
29787,Men,Apparel,Basics Men White T-shirt,29787.jpg
9497,Men,Footwear,Decathlon Men Arpenaz Black Sandals,9497.jpg
13428,Men,Apparel,United Colors of Benetton Men Printed White Tshirts,13428.jpg
19112,Men,Apparel,Campbell Men Pack of 3 Solid Tshirts,19112.jpg
16966,Men,Footwear,Reebok Men Sprintfit Lite Black Sports Shoe,16966.jpg
49662,Women,Accessories,United Colors of Benetton Women Sunglass,49662.jpg
20860,Women,Accessories,United Colors of Benetton Women Casual Sunglasses,20860.jpg
32599,Women,Apparel,ONLY Women Black Top,32599.jpg
39171,Women,Apparel,Aneri Women Pink & White Kurta,39171.jpg
36905,Men,Accessories,Fossil Men Black Dial Watch ME1113,36905.jpg
57932,Men,Apparel,French Connection Men White T-shirt,57932.jpg
58146,Unisex,Accessories,Puma Unisex Black Backpack,58146.jpg
40985,Boys,Apparel,Gini and Jony Boys United White T-shirt,40985.jpg
41857,Men,Footwear,Bata Men Hummer Grey Sandals,41857.jpg
59094,Women,Apparel,Peri Peri Women Black Bra,59094.jpg
36139,Men,Footwear,Nike Men The Overplay VII Black Sports Shoes,36139.jpg
7169,Men,Apparel,Scullers Men Scul Navy Blue Shirt,7169.jpg
28231,Men,Personal Care,Playboy Men Malibu Deo,28231.jpg
13870,Men,Apparel,Scullers Men Stripes Beige Shirts,13870.jpg
19576,Women,Apparel,United Colors of Benetton Women White Top,19576.jpg
7955,Men,Apparel,Puma Men's Foundation Grey Polo T-shirt,7955.jpg
8121,Men,Accessories,Fastrack Men Brown Belt,8121.jpg
27279,Women,Apparel,Mother Earth Women Blue Kurta,27279.jpg
6887,Women,Apparel,Forever New Women Indigo Wash Blue Jacket,6887.jpg
31912,Women,Accessories,Fabindia Women Green Sling Bag,31912.jpg
49808,Women,Footwear,iPanema Women Blue Flip Flops,49808.jpg
22539,Women,Footwear,Inc.5  Women Grey Flats,22539.jpg
27877,Women,Apparel,Scullers For Her Women Printed Navy Blue Shirt,27877.jpg
6289,Men,Apparel,Classic Polo Classic Polo Swiss Brown Tee T-Shirt,6289.jpg
28003,Men,Apparel,Jockey ZONE Men Zone White Brief US18,28003.jpg
8313,Women,Accessories,Fastrack Women Nylon Black Handbag,8313.jpg
49034,Women,Accessories,Lucera Women Silver Ring,49034.jpg
19744,Men,Apparel,ADIDAS Originals Men Solid Green Jacket,19744.jpg
26199,Men,Personal Care,Formula 1 Men Power Perfume,26199.jpg
47992,Women,Accessories,Helix Women Black Watch,47992.jpg
18696,Men,Apparel,Hanes Men Black Ultimate Duo Dry Cotton Stretch Bikini Briefs,18696.jpg
2629,Women,Footwear,Carlton London Women Four Strapped Black Sandal,2629.jpg
14867,Men,Accessories,United Colors of Benetton Men Solid Black Wallets,14867.jpg
38291,Men,Accessories,Reid & Taylor Men Black Wallet,38291.jpg
11529,Men,Apparel,United Colors Of Benetton Men Heavy Winter Grey Sweaters,11529.jpg
41259,Men,Accessories,Arrow Men Brown Leather Wallet,41259.jpg
1890,Men,Apparel,FIFA Mens Essentials Red T-shirt,1890.jpg
15189,Men,Apparel,Arrow Sport Men Solid Green Polo Tshirts,15189.jpg
24408,Men,Footwear,ADIDAS Men Black Vanquish Sports Shoes,24408.jpg
20894,Men,Footwear,Basics Men Red Casual Shoes,20894.jpg
21946,Women,Accessories,Murcia Women Casual Black Handbag,21946.jpg
39185,Women,Apparel,Aneri Women Khaki Kurta,39185.jpg
56028,Women,Personal Care,Colorbar Soft Touch Spring Fling Lipstick 023,56028.jpg
40971,Men,Footwear,Buckaroo Men Brown Casual Shoes,40971.jpg
52488,Women,Apparel,Red Rose Red Camisole,52488.jpg
59060,Women,Apparel,Global Desi Women Multi Coloured Kurta,59060.jpg
4718,Girls,Apparel,Disney Kids Girl's Summer Fun Fair Yellow Teen Kidswear,4718.jpg
56814,Women,Apparel,Aneri Women Multi Coloured Kurti,56814.jpg
12956,Men,Footwear,ADIDAS Men Sports Blue Sports Shoes,12956.jpg
29317,Unisex,Accessories,ADIDAS Unisex Blue Backpack,29317.jpg
17418,Men,Accessories,CASIO ENTICER Men Black Analogue Watch BS112 ,17418.jpg
47368,Women,Accessories,Baggit Brown Handbag,47368.jpg
13884,Men,Apparel,Scullers Men Check Black Shirts,13884.jpg
19582,Men,Apparel,United Colors of Benetton Men Printed Grey TShirt,19582.jpg
48320,Women,Accessories,Pitaraa Silver Omelette Thin Bracelet,48320.jpg
9007,Women,Accessories,Murcia Women Silver Black Purse Silver Handbags,9007.jpg
6873,Women,Apparel,Forever New Women's Top Black Dress,6873.jpg
18450,Women,Personal Care,Ed Hardy Life Love & Luck by Christian Audigier for Women Perfume,18450.jpg
29125,Women,Accessories,Vogue Women White Sunglasses,29125.jpg
26951,Women,Apparel,Jealous 21 Women Printed Teal T-shirt,26951.jpg
27883,Women,Apparel,Scullers For Her Women Pink Shirt,27883.jpg
30834,Women,Apparel,Fabindia Women Blue Kurta,30834.jpg
29919,Men,Accessories,Police Men Black Dial Chronograph Watch PL12699JS-02,29919.jpg
42428,Women,Apparel,Aurelia Women Brown & Orange Kurta,42428.jpg
12358,Men,Apparel,Reid & Taylor Men Solid Cream Shirts,12358.jpg
48112,Women,Accessories,Fossil Women Brown Belt,48112.jpg
9235,Men,Apparel,Mark Taylor Men Plain Blue Shirts,9235.jpg
14893,Women,Accessories,United Colors of Benetton Women Solid Blue Bags,14893.jpg
15941,Men,Accessories,Turtle Men Leather Black Belts,15941.jpg
53768,Men,Apparel,Puma Men Blue T-shirt,53768.jpg
21348,Men,Accessories,Pal Zileri Men Casual Metal Frame Sunglasses,21348.jpg
59252,Men,Accessories,Titan Men White Dial Automatic Watch NB9365SL01,59252.jpg
6619,Men,Footwear,ADIDAS Men's Boris White Shoe,6619.jpg
54915,Men,Apparel,Do u speak Cream Men T-shirt,54915.jpg
50589,Men,Apparel,Chromozome Men Navy Blue Briefs,50589.jpg
42870,Women,Accessories,French Connection Women Purple Handbag,42870.jpg
18206,Men,Accessories,Manchester United Men Solid Black Cap,18206.jpg
54129,Women,Footwear,Rocia Women Beige Flats,54129.jpg
23847,Men,Footwear,ADIDAS Men White Duramo 3 Sports Shoes,23847.jpg
48576,Men,Accessories,Revv Men Steel Bracelet,48576.jpg
9651,Men,Apparel,Indigo Nation Men Checks Green Shirts,9651.jpg
8783,Men,Apparel,Indigo Nation Men Bling PC Red Shirt,8783.jpg
4972,Men,Apparel,Gini and Jony Boy's Kangaroo Green White Kidswear,4972.jpg
38601,Men,Apparel,Nike Men Printed Red T-shirt,38601.jpg
45269,Men,Accessories,CASIO Youth Series Digital Men Black Small Dial Digital Watch W-210-1CVDF I065,45269.jpg
11985,Men,Footwear,Fila Men Glow Black Sports Shoes,11985.jpg
59636,Women,Apparel,FNF Sea Green Collection For Wedding Sari,59636.jpg
15519,Men,Footwear,Rockport Men Jelba Brown Flip Flops,15519.jpg
10857,Men,Apparel,Wrangler Men Rider Striper Polo White T-Shirts,10857.jpg
10259,Men,Apparel,John Miller Men Reglur Black Trousers,10259.jpg
53902,Women,Accessories,Kiara Women Brown Handbag,53902.jpg
38433,Women,Accessories,Baggit Women Green Mobile Pouch,38433.jpg
40529,Women,Accessories,Titan Women White Dial Watch,40529.jpg
59404,Women,Apparel,Tokyo Talkies Women Blue Top,59404.jpg
25982,Women,Personal Care,J. DEL POZO Women In White Perfume 100 ml,25982.jpg
44189,Women,Footwear,iPanema Women Pink Flip Flops,44189.jpg
24850,Men,Accessories,Indigo Nation Men Formal Brown Belts,24850.jpg
23249,Men,Footwear,Arrow Men Formal Black Shoes,23249.jpg
18808,Men,Accessories,Peter England Men Casual Navy Blue Belt,18808.jpg
51669,Men,Accessories,Louis Philippe Men Grey Sunglasses,51669.jpg
3965,Women,Apparel,Jealous 21 Women White Sleeveless Top,3965.jpg
29773,Men,Apparel,Wrangler Men Green Striped Shirt,29773.jpg
48744,Men,Accessories,Revv Men Steel Bangle,48744.jpg
17840,Men,Footwear,Nike Men Air Quick Handle Red Sports Shoe,17840.jpg
9463,Men,Apparel,John Miller Men White Shirt,9463.jpg
18034,Women,Accessories,Lino Perros Women Solid Beige Handbag,18034.jpg
16992,Women,Accessories,Puma Women Dizzy  Black Belt,16992.jpg
3159,Men,Footwear,Nike Men's Air Max Moto White Blue Shoe,3159.jpg
49696,Men,Free Items,Park Avenue Blue Patterned Tie,49696.jpg
14858,Women,Accessories,United Colors of Benetton Women Solid Red Wallets,14858.jpg
33646,Men,Footwear,Lotto Men Ridge Black Sandals,33646.jpg
57303,Women,Footwear,Rocia Women Brown Wedges,57303.jpg
11516,Women,Footwear,Catwalk Women Lifestyle Black Heels,11516.jpg
41266,Men,Accessories,Arrow Men Brown Wallet,41266.jpg
20251,Men,Apparel,Wrangler Men Heavy Grey Tshirt,20251.jpg
14064,Men,Apparel,Flying Machine Men Pack of 2 Stripes Red Blue Tshirts,14064.jpg
44714,Men,Footwear,Lotto Men Maroon Juve Flip Flop,44714.jpg
5433,Men,Apparel,Nike Men's Speed Fury Red T-shirt,5433.jpg
52671,Men,Accessories,Morellato Men Navy Blue Watch,52671.jpg
59299,Men,Apparel,U.S. Polo Assn. Men Striped Blue Shirt,59299.jpg
49837,Women,Footwear,iPanema Women Blue Flip Flops,49837.jpg
16733,Men,Footwear,Lotto Men Earth Black Slipper,16733.jpg
7364,Men,Footwear,Red Tape Men's Brown casual Shoe,7364.jpg
34463,Unisex,Accessories,ADIDAS Unisex Black Backpack,34463.jpg
47191,Men,Footwear,Franco Leone Men Black Formal Shoes,47191.jpg
27848,Women,Apparel,Scullers For Her Navy Blue T-shirt,27848.jpg
31111,Boys,Apparel,Gini and Jony Boys Solid Black Jeans,31111.jpg
55454,Women,Personal Care,Revlon Velvet Touch Royal Burgundy Lipstick 96,55454.jpg
12393,Men,Accessories,Reid & Taylor Men Solid Black Socks,12393.jpg
13241,Men,Apparel,Palm Tree Kids Boys Solid White Jackets,13241.jpg
54586,Women,Apparel,Sushilas Women Printed Green Kurta,54586.jpg
27074,Women,Footwear,Catwalk Women Blue Casual Flats,27074.jpg
2616,Women,Footwear,Carlton London Women Gold Wedge Sandal,2616.jpg
43531,Women,Apparel,French Connection Women Off White Top,43531.jpg
46271,Women,Apparel,109F Blue A-Line Dress,46271.jpg
35783,Women,Footwear,Enroute Women Turquoise Blue Flats,35783.jpg
7156,Men,Apparel,Scullers Men Black Check Shirt,7156.jpg
22734,Women,Footwear,Nike Women Grey Lunarglide +3 Sports Shoes,22734.jpg
8922,Men,Accessories,Puma Men Cat  White Belt,8922.jpg
16501,Men,Apparel,Locomotive Men Printed Brown TShirt,16501.jpg
50314,Men,Accessories,Park Avenue Men Brown Tie,50314.jpg
34651,Women,Footwear,Fila Women Top Fuel Black Sports Shoes,34651.jpg
6084,Men,Apparel,UCB Men's Johny Collar With Two Tone White T-shirt,6084.jpg
19549,Men,Apparel,United Colors of Benetton Men Solid Grey Sweatshirt,19549.jpg
49239,Men,Accessories,Arrow Men White Cap,49239.jpg
31323,Women,Apparel,Aurelia Women Printed Red Kurta,31323.jpg
43703,Women,Accessories,Royal Diadem Red Earring & Pendant Set,43703.jpg
13073,Men,Footwear,Numero Uno Men White Shoes,13073.jpg
57131,Women,Apparel,Elle Women Teal Top,57131.jpg
40186,Women,Apparel,Mumbai Slang Women Pink & Black Kurti,40186.jpg
58945,Women,Personal Care,Taylor of London Women White Satin Perfume,58945.jpg
33474,Women,Accessories,Baggit Women Chotu Dum Blue Belt,33474.jpg
59897,Women,Apparel,Femella Women Yellow Dress,59897.jpg
11724,Women,Apparel,Lee Women Check Red Shirts,11724.jpg
5601,Men,Footwear,Nike Men's Splash Thong Yellow Black Flip Flop,5601.jpg
20063,Women,Accessories,United Colors Of Benetton Women Black Muffler,20063.jpg
53591,Men,Free Items,Q&Q Men White Dial Watch,53591.jpg
58179,Women,Accessories,Rocky S Women Blue Handbag,58179.jpg
39972,Men,Footwear,GAS Men Grey Campus Casual Shoes,39972.jpg
15384,Men,Footwear,Filac Men Hawai Black Slippers,15384.jpg
52443,Women,Apparel,Red Rose White & Green Nightdress,52443.jpg
41868,Men,Footwear,Estd. 1977 Men Turquoise Blue Sandals,41868.jpg
36106,Men,Accessories,OTLS Men Laurel Black Wallet,36106.jpg
23282,Men,Accessories,Maxima Men Off White Dial Watch,23282.jpg
34235,Men,Apparel,Proline Men Cream-Coloured Polo T-Shirt,34235.jpg
46615,Women,Footwear,Catwalk Women Red Flats,46615.jpg
19911,Unisex,Accessories,Wildcraft Unisex Grey Printed Messenger Bag,19911.jpg
7532,Men,Apparel,Nike Men's Encourage Blue T-shirt,7532.jpg
22350,Men,Apparel,John Players Men Check Blue Shirt,22350.jpg
16165,Men,Footwear,Enroute Men Leather Brown Casual Shoes,16165.jpg
2040,Men,Apparel,ADIDAS Mens Fire White Polo T-shirt,2040.jpg
30695,Women,Footwear,Catwalk Women Bronze toned Sandals,30695.jpg
43367,Women,Footwear,Reebok Women Black Casual Shoes,43367.jpg
13417,Men,Apparel,United Colors of Benetton Men Solid Blue Shirts,13417.jpg
27622,Men,Apparel,Scullers Men Grey Trousers,27622.jpg
55202,Women,Personal Care,Lakme Lip Love Hottie Lip Conditioner,55202.jpg
3192,Men,Apparel,Tantra Men's Prism Black T-shirt,3192.jpg
16959,Women,Accessories,Image Women Classic Eyewear Brown Sunglasses,16959.jpg
11340,Men,Apparel,Lee Men Blue Chicago Fit Jeans,11340.jpg
25175,Women,Accessories,Lino Perros Women Red and Grey Handbag,25175.jpg
10292,Women,Footwear,Clarks Women Brown Leather Heels,10292.jpg
57555,Women,Personal Care,Lotus Herbals SPF-10 Tulip Love Lipstick 417,57555.jpg
52027,Unisex,Apparel,Just Natural Unisex Navy Blue Rain Jacket,52027.jpg
36562,Men,Apparel,Jack & Jones Men Dino White T-shirt,36562.jpg
25949,Women,Accessories,Femella Women Printed Brown Scarf,25949.jpg
44142,Men,Personal Care,dunhill Men Fresh Perfume,44142.jpg
5265,Unisex,Accessories,Wildcraft Unisex Black & Red Messenger Bag,5265.jpg
14632,Men,Accessories,United Colors of Benetton Men Solid Green Mufflers,14632.jpg
11172,Men,Apparel,Scullers Men Stripes Red Sweaters,11172.jpg
25347,Men,Apparel,Levi's Men White Brief,25347.jpg
39718,Women,Apparel,Arrow Woman Beige Top,39718.jpg
41602,Men,Apparel,Basics Men Navy Shirt,41602.jpg
33222,Women,Apparel,Sepia Women Brown Tunic,33222.jpg
24295,Men,Accessories,Quiksilver Men Black Socks,24295.jpg
57767,Women,Personal Care,Lotus Herbals Whiteglow Yogurt Skin Whitening & Brightening Face Masque 80 g,57767.jpg
36750,Girls,Apparel,Little Miss Girls Chatterbox Navy Blue Dress,36750.jpg
37682,Unisex,Accessories,American Tourister Unisex Black Backpack,37682.jpg
34007,Girls,Apparel,Gini and Jony Girls Pink Top,34007.jpg
50542,Men,Apparel,Chromozome Men Red Briefs,50542.jpg
17285,Men,Apparel,U.S. Polo Assn. Men Solid Black  polo Tshirt,17285.jpg
43969,Women,Personal Care,DKNY Women Delicious Night Perfume,43969.jpg
28458,Women,Apparel,Urban Yoga Women Blue Capris,28458.jpg
22162,Men,Footwear,Timberland Men Black Casual Shoes,22162.jpg
16357,Men,Apparel,Peter England Men Stripes Blue Shirt,16357.jpg
46427,Men,Accessories,Timex Men Black Dial Watch,46427.jpg
7700,Women,Apparel,Jealous 21 Women's All Girls Dying Jealousy Pink Top,7700.jpg
27410,Women,Apparel,Jockey Women Assorted Lounge Pants,27410.jpg
2272,Men,Apparel,Nike Mens Blue Polo T-shirt,2272.jpg
43155,Women,Accessories,Fastrack Women Black Dial Watch,43155.jpg
42087,Men,Footwear,ADIDAS Men White Aztek Shoes,42087.jpg
8748,Men,Apparel,Indigo Nation Men Plain Orange Shirts,8748.jpg
55030,Women,Personal Care,Lakme Absolute Matte Milan Red Lipstick 48,55030.jpg
17043,Men,Footwear,Gas Men Skate 003 Casual Shoe,17043.jpg
50784,Women,Footwear,Clarks Women Cream Coloured Onslow Beat Leather Wedges,50784.jpg
2888,Women,Footwear,Catwalk Women Wedding Heeled Bronze Heels,2888.jpg
23276,Men,Accessories,Maxima Ssteele Men Black Watch,23276.jpg
6414,Men,Footwear,Lotto Men's Thong Blue White Flip Flop,6414.jpg
18837,Men,Accessories,Peter England Men Formal Brown Belt,18837.jpg
35313,Women,Accessories,Fabindia Women Anusuya Silver Earrings,35313.jpg
51656,Men,Accessories,Fossil Men Black Dial Chronograph Watch CH2737,51656.jpg
16191,Men,Apparel,Puma Men Graphic White TShirt,16191.jpg
30661,Men,Accessories,Park Avenue Men Black Sunglasses,30661.jpg
43393,Men,Accessories,Lino Perros Men Brown Wallet,43393.jpg
26704,Men,Footwear,Nike Men White T-Lite 9 SL Shoes,26704.jpg
12531,Women,Apparel,Puma Women Solid Pink Sweatshirts,12531.jpg
42241,Women,Apparel,Sepia Women Purple Top,42241.jpg
56473,Women,Personal Care,Streetwear Grape Shimmer Nail Polish 41,56473.jpg
25181,Women,Accessories,Lino Perros Women Leatherite Brown Handbag,25181.jpg
24053,Men,Apparel,Locomotive Men Printed Charcoal T-shirt,24053.jpg
10266,Men,Footwear,Clarks Men Goto Hi Cola Suede Brown Shoes,10266.jpg
40516,Men,Accessories,Titan Men White Dial Watch,40516.jpg
15714,Men,Footwear,Nike Men Free Run+ 2 Black Sports Shoes,15714.jpg
21521,Women,Accessories,Kiara Women Rose Pink Handbag,21521.jpg
4343,Men,Footwear,Fila Men Leonard Red Shoes,4343.jpg
5291,Men,Footwear,Lee Cooper Men Black Semi Formal Shoe,5291.jpg
53101,Women,Accessories,Fabindia Silver Drop Earrings,53101.jpg
32304,Women,Accessories,Q&Q Women White Dial Watch,32304.jpg
57793,Women,Personal Care,Lotus Herbals Natural Blend Botanical Compact 550,57793.jpg
10054,Boys,Apparel,Reebok Kids Kkr Boy's Premium Blue Jerseys,10054.jpg
4171,Men,Footwear,Reebok Men's Easytone Inspire White Shoe,4171.jpg
45256,Men,Accessories,Casio Edifice Men Analog Watch EF-130D-1A5VDF(ED419),45256.jpg
59609,Women,Apparel,FNF Khaki Collection for Wedding Sari,59609.jpg
15526,Women,Footwear,Rockport Women Jeanie Oneband Brown Flats,15526.jpg
21713,Men,Accessories,Fossil Men Blue Dial Chronograph Watch CH2752,21713.jpg
44384,Women,Personal Care,Spinz Women Enchante Deo,44384.jpg
37676,Unisex,Accessories,American Tourister Unisex Black Backpack,37676.jpg
6626,Men,Footwear,ADIDAS Men's Canon Dialect Blue Yellow Shoe,6626.jpg
47501,Unisex,Footwear,Footfun Kids Unisex Red Shoes,47501.jpg
17271,Men,Apparel,U.S. Polo Assn. Men Stripes DK.Grey Polo Tshirt,17271.jpg
23044,Women,Apparel,Arrow Woman Brown Jeggings,23044.jpg
22196,Men,Footwear,Timberland Men Black Casual Shoes,22196.jpg
51464,Women,Apparel,Tonga Women Olive Top,51464.jpg
54116,Women,Footwear,Rocia Women Maroon Sandals,54116.jpg
30453,Men,Apparel,Deni Yo Men White Jeans,30453.jpg
2286,Men,Apparel,Nike Men Black Sweatshirt,2286.jpg
23878,Women,Footwear,Fila Women Sleeker Green Check Casual Shoes,23878.jpg
48549,Women,Accessories,Wrangler Women Black Belt,48549.jpg
42073,Men,Accessories,American Tourister Men Black Wallet,42073.jpg
31581,Men,Apparel,Mark Taylor Men Printed Blue T-shirt,31581.jpg
3354,Men,Apparel,Myntra Men's I Give 100 Percent Work White T-shirt,3354.jpg
26536,Men,Footwear,ID Men White Shoes,26536.jpg
12703,Women,Footwear,Nike Women Downshifter White Sports Shoes,12703.jpg
24605,Women,Apparel,Vishudh Women Pink Churidar Kurta with Dupatta,24605.jpg
10430,Men,Apparel,Flying Machine Men Ydc Blue Shirts,10430.jpg
56225,Men,Apparel,SDL by Sweet Dreams Men Black & Grey Pyjama Set,56225.jpg
39388,Men,Apparel,Peter England Men Black Jeans,39388.jpg
14090,Men,Apparel,Flying Machine Men Stripes Blue Polo Tshirts,14090.jpg
53757,Women,Footwear,Puma Women Speeder Wns Ind White Sports Shoes,53757.jpg
37212,Men,Apparel,United Colors of Benetton Men Pink Shirt,37212.jpg
4515,Men,Footwear,Puma Men's Tarun White Silver Red Shoe,4515.jpg
45632,Men,Apparel,Park Avenue Men Grey Melange Briefs,45632.jpg
51000,Women,Apparel,Enamor Maroon Bra FB06,51000.jpg
7390,Men,Footwear,Red Tape Men Brown Shoes,7390.jpg
35545,Girls,Footwear,Enroute Teens Brown Sandals,35545.jpg
6242,Women,Apparel,Lee Women's Rihana Purple T-shirt,6242.jpg
47165,Men,Accessories,Peter England Men Black Belt,47165.jpg
17615,Boys,Apparel,Doodle Boys living Upto White Tshirt,17615.jpg
48911,Women,Accessories,Lucera Women Silver Pendant with Chain,48911.jpg
29926,Men,Accessories,Police Men Black Dial Watch PL12778MSU-61,29926.jpg
42417,Unisex,Accessories,American Tourister Unisex Purple Messenger Bag,42417.jpg
3730,Men,Apparel,CSK Mens Fangear Yellow Jersey,3730.jpg
26152,Men,Apparel,John Miller Men Striped Grey Trousers,26152.jpg
